id,product_name,vendor,price_per_unit
709375,Butterball Fully Cooked Extra Lean Turkey Ham 600 g,Voila,$2.50/100g
709375,Butterball Fully Cooked Extra Lean Turkey Ham 600 g,Voila,$2.50/100g
709375,Butterball Fully Cooked Extra Lean Turkey Ham 600 g,Voila,$2.50/100g
709375,Butterball Fully Cooked Extra Lean Turkey Ham 600 g,Voila,$2.50/100g
709375,Butterball Fully Cooked Extra Lean Turkey Ham 600 g,Voila,$2.50/100g
709375,Butterball Fully Cooked Extra Lean Turkey Ham 600 g,Voila,$2.50/100g
709375,Butterball Fully Cooked Extra Lean Turkey Ham 600 g,Voila,$2.50/100g
709375,Butterball Fully Cooked Extra Lean Turkey Ham 600 g,Voila,$2.50/100g
709375,Butterball Fully Cooked Extra Lean Turkey Ham 600 g,Voila,$2.50/100g
709375,Butterball Fully Cooked Extra Lean Turkey Ham 600 g,Voila,$2.50/100g
709375,Butterball Fully Cooked Extra Lean Turkey Ham 600 g,Voila,$2.50/100g
709375,Butterball Fully Cooked Extra Lean Turkey Ham 600 g,Voila,$2.50/100g
709375,Butterball Fully Cooked Extra Lean Turkey Ham 600 g,Voila,$2.50/100g
709375,Butterball Fully Cooked Extra Lean Turkey Ham 600 g,Voila,$2.50/100g
709375,Butterball Fully Cooked Extra Lean Turkey Ham 600 g,Voila,$2.50/100g
709375,Butterball Fully Cooked Extra Lean Turkey Ham 600 g,Voila,$2.50/100g
709375,Butterball Fully Cooked Extra Lean Turkey Ham 600 g,Voila,$2.50/100g
709375,Butterball Fully Cooked Extra Lean Turkey Ham 600 g,Voila,$2.50/100g
709375,Butterball Fully Cooked Extra Lean Turkey Ham 600 g,Voila,$2.50/100g
709375,Butterball Fully Cooked Extra Lean Turkey Ham 600 g,Voila,$2.50/100g
709375,Butterball Fully Cooked Extra Lean Turkey Ham 600 g,Voila,$2.50/100g
709375,Butterball Fully Cooked Extra Lean Turkey Ham 600 g,Voila,$2.50/100g
709375,Butterball Fully Cooked Extra Lean Turkey Ham 600 g,Voila,$2.50/100g
709375,Butterball Fully Cooked Extra Lean Turkey Ham 600 g,Voila,$2.50/100g
709375,Butterball Fully Cooked Extra Lean Turkey Ham 600 g,Voila,$2.50/100g
709375,Butterball Fully Cooked Extra Lean Turkey Ham 600 g,Voila,$2.50/100g
709375,Butterball Fully Cooked Extra Lean Turkey Ham 600 g,Voila,$2.50/100g
709375,Butterball Fully Cooked Extra Lean Turkey Ham 600 g,Voila,$2.50/100g
709375,Butterball Fully Cooked Extra Lean Turkey Ham 600 g,Voila,$2.50/100g
709375,Butterball Fully Cooked Extra Lean Turkey Ham 600 g,Voila,$2.50/100g
709375,Butterball Fully Cooked Extra Lean Turkey Ham 600 g,Voila,$2.50/100g
709375,Butterball Fully Cooked Extra Lean Turkey Ham 600 g,Voila,$2.50/100g
709375,Butterball Fully Cooked Extra Lean Turkey Ham 600 g,Voila,$2.50/100g
709375,Butterball Fully Cooked Extra Lean Turkey Ham 600 g,Voila,$2.50/100g
709375,Butterball Fully Cooked Extra Lean Turkey Ham 600 g,Voila,$2.50/100g
709375,Butterball Fully Cooked Extra Lean Turkey Ham 600 g,Voila,$2.50/100g
709375,Butterball Fully Cooked Extra Lean Turkey Ham 600 g,Voila,$2.50/100g
709375,Butterball Fully Cooked Extra Lean Turkey Ham 600 g,Voila,$2.50/100g
709375,Butterball Fully Cooked Extra Lean Turkey Ham 600 g,Voila,$2.50/100g
709375,Butterball Fully Cooked Extra Lean Turkey Ham 600 g,Voila,$2.50/100g
709375,Butterball Fully Cooked Extra Lean Turkey Ham 600 g,Voila,$2.50/100g
709375,Butterball Fully Cooked Extra Lean Turkey Ham 600 g,Voila,$2.50/100g
709375,Butterball Fully Cooked Extra Lean Turkey Ham 600 g,Voila,$2.50/100g
709375,Butterball Fully Cooked Extra Lean Turkey Ham 600 g,Voila,$2.50/100g
709375,Butterball Fully Cooked Extra Lean Turkey Ham 600 g,Voila,$2.50/100g
709375,Butterball Fully Cooked Extra Lean Turkey Ham 600 g,Voila,$2.50/100g
709375,Butterball Fully Cooked Extra Lean Turkey Ham 600 g,Voila,$2.50/100g
709375,Butterball Fully Cooked Extra Lean Turkey Ham 600 g,Voila,$2.50/100g
709375,Butterball Fully Cooked Extra Lean Turkey Ham 600 g,Voila,$2.50/100g
709375,Butterball Fully Cooked Extra Lean Turkey Ham 600 g,Voila,$2.50/100g
709375,Butterball Fully Cooked Extra Lean Turkey Ham 600 g,Voila,$2.50/100g
709375,Butterball Fully Cooked Extra Lean Turkey Ham 600 g,Voila,$2.50/100g
709375,Butterball Fully Cooked Extra Lean Turkey Ham 600 g,Voila,$2.50/100g
709375,Butterball Fully Cooked Extra Lean Turkey Ham 600 g,Voila,$2.50/100g
709375,Butterball Fully Cooked Extra Lean Turkey Ham 600 g,Voila,$2.50/100g
709375,Butterball Fully Cooked Extra Lean Turkey Ham 600 g,Voila,$2.50/100g
709375,Butterball Fully Cooked Extra Lean Turkey Ham 600 g,Voila,$2.50/100g
709375,Butterball Fully Cooked Extra Lean Turkey Ham 600 g,Voila,$2.50/100g
709375,Butterball Fully Cooked Extra Lean Turkey Ham 600 g,Voila,$2.50/100g
709375,Butterball Fully Cooked Extra Lean Turkey Ham 600 g,Voila,$2.50/100g
709375,Butterball Fully Cooked Extra Lean Turkey Ham 600 g,Voila,$2.50/100g
709375,Butterball Fully Cooked Extra Lean Turkey Ham 600 g,Voila,$2.50/100g
709375,Butterball Fully Cooked Extra Lean Turkey Ham 600 g,Voila,$2.50/100g
709375,Butterball Fully Cooked Extra Lean Turkey Ham 600 g,Voila,$2.50/100g
709375,Butterball Fully Cooked Extra Lean Turkey Ham 600 g,Voila,$2.50/100g
709375,Butterball Fully Cooked Extra Lean Turkey Ham 600 g,Voila,$2.50/100g
709375,Butterball Fully Cooked Extra Lean Turkey Ham 600 g,Voila,$2.50/100g
709375,Butterball Fully Cooked Extra Lean Turkey Ham 600 g,Voila,$2.50/100g
709375,Butterball Fully Cooked Extra Lean Turkey Ham 600 g,Voila,$2.50/100g
709375,Butterball Fully Cooked Extra Lean Turkey Ham 600 g,Voila,$2.50/100g
709375,Butterball Fully Cooked Extra Lean Turkey Ham 600 g,Voila,$2.50/100g
709375,Butterball Fully Cooked Extra Lean Turkey Ham 600 g,Voila,$2.50/100g
709375,Butterball Fully Cooked Extra Lean Turkey Ham 600 g,Voila,$2.50/100g
709375,Butterball Fully Cooked Extra Lean Turkey Ham 600 g,Voila,$2.50/100g
709375,Butterball Fully Cooked Extra Lean Turkey Ham 600 g,Voila,$2.50/100g
709375,Butterball Fully Cooked Extra Lean Turkey Ham 600 g,Voila,$2.50/100g
709375,Butterball Fully Cooked Extra Lean Turkey Ham 600 g,Voila,$2.50/100g
709375,Butterball Fully Cooked Extra Lean Turkey Ham 600 g,Voila,$2.50/100g
709375,Butterball Fully Cooked Extra Lean Turkey Ham 600 g,Voila,$2.50/100g
709375,Butterball Fully Cooked Extra Lean Turkey Ham 600 g,Voila,$2.50/100g
709375,Butterball Fully Cooked Extra Lean Turkey Ham 600 g,Voila,$2.50/100g
709375,Butterball Fully Cooked Extra Lean Turkey Ham 600 g,Voila,$2.50/100g
709375,Butterball Fully Cooked Extra Lean Turkey Ham 600 g,Voila,$2.50/100g
709375,Butterball Fully Cooked Extra Lean Turkey Ham 600 g,Voila,$2.50/100g
709375,Butterball Fully Cooked Extra Lean Turkey Ham 600 g,Voila,$2.50/100g
709375,Butterball Fully Cooked Extra Lean Turkey Ham 600 g,Voila,$2.50/100g
709375,Butterball Fully Cooked Extra Lean Turkey Ham 600 g,Voila,$2.50/100g
709375,Butterball Fully Cooked Extra Lean Turkey Ham 600 g,Voila,$2.50/100g
709375,Butterball Fully Cooked Extra Lean Turkey Ham 600 g,Voila,$2.50/100g
709375,Butterball Fully Cooked Extra Lean Turkey Ham 600 g,Voila,$2.50/100g
709375,Butterball Fully Cooked Extra Lean Turkey Ham 600 g,Voila,$2.50/100g
709375,Butterball Fully Cooked Extra Lean Turkey Ham 600 g,Voila,$2.50/100g
709375,Butterball Fully Cooked Extra Lean Turkey Ham 600 g,Voila,$2.50/100g
709375,Butterball Fully Cooked Extra Lean Turkey Ham 600 g,Voila,$2.50/100g
709375,Butterball Fully Cooked Extra Lean Turkey Ham 600 g,Voila,$2.50/100g
709375,Butterball Fully Cooked Extra Lean Turkey Ham 600 g,Voila,$2.50/100g
709375,Butterball Fully Cooked Extra Lean Turkey Ham 600 g,Voila,$2.50/100g
709375,Butterball Fully Cooked Extra Lean Turkey Ham 600 g,Voila,$2.50/100g
709375,Butterball Fully Cooked Extra Lean Turkey Ham 600 g,Voila,$2.50/100g
709375,Butterball Fully Cooked Extra Lean Turkey Ham 600 g,Voila,$2.50/100g
709375,Butterball Fully Cooked Extra Lean Turkey Ham 600 g,Voila,$2.50/100g
709375,Butterball Fully Cooked Extra Lean Turkey Ham 600 g,Voila,$2.50/100g
709375,Butterball Fully Cooked Extra Lean Turkey Ham 600 g,Voila,$2.50/100g
709375,Butterball Fully Cooked Extra Lean Turkey Ham 600 g,Voila,$2.50/100g
709375,Butterball Fully Cooked Extra Lean Turkey Ham 600 g,Voila,$2.50/100g
709375,Butterball Fully Cooked Extra Lean Turkey Ham 600 g,Voila,$2.50/100g
709375,Butterball Fully Cooked Extra Lean Turkey Ham 600 g,Voila,$2.50/100g
709375,Butterball Fully Cooked Extra Lean Turkey Ham 600 g,Voila,$2.50/100g
709375,Butterball Fully Cooked Extra Lean Turkey Ham 600 g,Voila,$2.50/100g
709375,Butterball Fully Cooked Extra Lean Turkey Ham 600 g,Voila,$2.50/100g
709375,Butterball Fully Cooked Extra Lean Turkey Ham 600 g,Voila,$2.50/100g
709375,Butterball Fully Cooked Extra Lean Turkey Ham 600 g,Voila,$2.50/100g
709375,Butterball Fully Cooked Extra Lean Turkey Ham 600 g,Voila,$2.50/100g
709375,Butterball Fully Cooked Extra Lean Turkey Ham 600 g,Voila,$2.50/100g
709375,Butterball Fully Cooked Extra Lean Turkey Ham 600 g,Voila,$2.50/100g
709375,Butterball Fully Cooked Extra Lean Turkey Ham 600 g,Voila,$2.50/100g
709375,Butterball Fully Cooked Extra Lean Turkey Ham 600 g,Voila,$2.50/100g
709375,Butterball Fully Cooked Extra Lean Turkey Ham 600 g,Voila,$2.50/100g
709375,Butterball Fully Cooked Extra Lean Turkey Ham 600 g,Voila,$2.50/100g
709375,Butterball Fully Cooked Extra Lean Turkey Ham 600 g,Voila,$2.50/100g
709375,Butterball Fully Cooked Extra Lean Turkey Ham 600 g,Voila,$2.50/100g
709375,Butterball Fully Cooked Extra Lean Turkey Ham 600 g,Voila,$2.50/100g
709375,Butterball Fully Cooked Extra Lean Turkey Ham 600 g,Voila,$2.50/100g
709375,Butterball Fully Cooked Extra Lean Turkey Ham 600 g,Voila,$2.50/100g
709375,Butterball Fully Cooked Extra Lean Turkey Ham 600 g,Voila,$2.50/100g
709375,Butterball Fully Cooked Extra Lean Turkey Ham 600 g,Voila,$2.50/100g
709375,Butterball Fully Cooked Extra Lean Turkey Ham 600 g,Voila,$2.50/100g
709375,Butterball Fully Cooked Extra Lean Turkey Ham 600 g,Voila,$2.50/100g
709375,Butterball Fully Cooked Extra Lean Turkey Ham 600 g,Voila,$2.50/100g
709375,Butterball Fully Cooked Extra Lean Turkey Ham 600 g,Voila,$2.50/100g
709375,Butterball Fully Cooked Extra Lean Turkey Ham 600 g,Voila,$2.50/100g
709375,Butterball Fully Cooked Extra Lean Turkey Ham 600 g,Voila,$2.50/100g
709375,Butterball Fully Cooked Extra Lean Turkey Ham 600 g,Voila,$2.50/100g
709375,Butterball Fully Cooked Extra Lean Turkey Ham 600 g,Voila,$2.50/100g
709375,Butterball Fully Cooked Extra Lean Turkey Ham 600 g,Voila,$2.50/100g
709375,Butterball Fully Cooked Extra Lean Turkey Ham 600 g,Voila,$2.50/100g
709375,Butterball Fully Cooked Extra Lean Turkey Ham 600 g,Voila,$2.50/100g
709375,Butterball Fully Cooked Extra Lean Turkey Ham 600 g,Voila,$2.50/100g
709375,Butterball Fully Cooked Extra Lean Turkey Ham 600 g,Voila,$2.50/100g
709375,Butterball Fully Cooked Extra Lean Turkey Ham 600 g,Voila,$2.50/100g
709375,Butterball Fully Cooked Extra Lean Turkey Ham 600 g,Voila,$2.50/100g
709375,Butterball Fully Cooked Extra Lean Turkey Ham 600 g,Voila,$2.50/100g
709375,Butterball Fully Cooked Extra Lean Turkey Ham 600 g,Voila,$2.50/100g
709375,Butterball Fully Cooked Extra Lean Turkey Ham 600 g,Voila,$2.50/100g
709375,Butterball Fully Cooked Extra Lean Turkey Ham 600 g,Voila,$2.50/100g
709375,Butterball Fully Cooked Extra Lean Turkey Ham 600 g,Voila,$2.50/100g
709375,Butterball Fully Cooked Extra Lean Turkey Ham 600 g,Voila,$2.50/100g
709375,Butterball Fully Cooked Extra Lean Turkey Ham 600 g,Voila,$2.50/100g
709375,Butterball Fully Cooked Extra Lean Turkey Ham 600 g,Voila,$2.50/100g
709375,Butterball Fully Cooked Extra Lean Turkey Ham 600 g,Voila,$2.50/100g
709375,Butterball Fully Cooked Extra Lean Turkey Ham 600 g,Voila,$2.50/100g
709375,Butterball Fully Cooked Extra Lean Turkey Ham 600 g,Voila,$2.50/100g
709375,Butterball Fully Cooked Extra Lean Turkey Ham 600 g,Voila,$2.50/100g
709375,Butterball Fully Cooked Extra Lean Turkey Ham 600 g,Voila,$2.50/100g
709375,Butterball Fully Cooked Extra Lean Turkey Ham 600 g,Voila,$2.50/100g
2327821,Fully Cooked Extra Lean Turkey Ham,Metro,$2.33 /100g
2327821,Fully Cooked Extra Lean Turkey Ham,Metro,$2.33 /100g
2327821,Fully Cooked Extra Lean Turkey Ham,Metro,$2.33 /100g
2327821,Fully Cooked Extra Lean Turkey Ham,Metro,$2.33 /100g
2327821,Fully Cooked Extra Lean Turkey Ham,Metro,$2.33 /100g
2327821,Fully Cooked Extra Lean Turkey Ham,Metro,$2.33 /100g
2327821,Fully Cooked Extra Lean Turkey Ham,Metro,$2.33 /100g
2327821,Fully Cooked Extra Lean Turkey Ham,Metro,$2.33 /100g
2327821,Fully Cooked Extra Lean Turkey Ham,Metro,$2.33 /100g
2327821,Fully Cooked Extra Lean Turkey Ham,Metro,$2.33 /100g
2327821,Fully Cooked Extra Lean Turkey Ham,Metro,$2.33 /100g
2327821,Fully Cooked Extra Lean Turkey Ham,Metro,$2.33 /100g
2327821,Fully Cooked Extra Lean Turkey Ham,Metro,$2.33 /100g
2327821,Fully Cooked Extra Lean Turkey Ham,Metro,$2.33 /100g
2327821,Fully Cooked Extra Lean Turkey Ham,Metro,$2.33 /100g
2327821,Fully Cooked Extra Lean Turkey Ham,Metro,$2.33 /100g
2327821,Fully Cooked Extra Lean Turkey Ham,Metro,$2.00 /100g
2327821,Fully Cooked Extra Lean Turkey Ham,Metro,$2.00 /100g
2327821,Fully Cooked Extra Lean Turkey Ham,Metro,$2.00 /100g
2327821,Fully Cooked Extra Lean Turkey Ham,Metro,$2.00 /100g
2327821,Fully Cooked Extra Lean Turkey Ham,Metro,$2.00 /100g
2327821,Fully Cooked Extra Lean Turkey Ham,Metro,$2.00 /100g
2327821,Fully Cooked Extra Lean Turkey Ham,Metro,$2.00 /100g
2327821,Fully Cooked Extra Lean Turkey Ham,Metro,$2.00 /100g
2327821,Fully Cooked Extra Lean Turkey Ham,Metro,$2.00 /100g
2327821,Fully Cooked Extra Lean Turkey Ham,Metro,$2.00 /100g
2327821,Fully Cooked Extra Lean Turkey Ham,Metro,$2.00 /100g
2327821,Fully Cooked Extra Lean Turkey Ham,Metro,$2.00 /100g
2327821,Fully Cooked Extra Lean Turkey Ham,Metro,$2.00 /100g
2327821,Fully Cooked Extra Lean Turkey Ham,Metro,$2.00 /100g
2327821,Fully Cooked Extra Lean Turkey Ham,Metro,$2.00 /100g
2327821,Fully Cooked Extra Lean Turkey Ham,Metro,$2.00 /100g
2327821,Fully Cooked Extra Lean Turkey Ham,Metro,$2.00 /100g
2327821,Fully Cooked Extra Lean Turkey Ham,Metro,$2.00 /100g
2327821,Fully Cooked Extra Lean Turkey Ham,Metro,$2.00 /100g
2327821,Fully Cooked Extra Lean Turkey Ham,Metro,$2.00 /100g
2327821,Fully Cooked Extra Lean Turkey Ham,Metro,$2.00 /100g
2327821,Fully Cooked Extra Lean Turkey Ham,Metro,$2.00 /100g
2327821,Fully Cooked Extra Lean Turkey Ham,Metro,$2.00 /100g
2327821,Fully Cooked Extra Lean Turkey Ham,Metro,$2.00 /100g
2327821,Fully Cooked Extra Lean Turkey Ham,Metro,$2.00 /100g
2327821,Fully Cooked Extra Lean Turkey Ham,Metro,$2.00 /100g
2327821,Fully Cooked Extra Lean Turkey Ham,Metro,$2.00 /100g
2327821,Fully Cooked Extra Lean Turkey Ham,Metro,$2.00 /100g
2327821,Fully Cooked Extra Lean Turkey Ham,Metro,$2.00 /100g
2327821,Fully Cooked Extra Lean Turkey Ham,Metro,$2.00 /100g
2327821,Fully Cooked Extra Lean Turkey Ham,Metro,$2.00 /100g
2327821,Fully Cooked Extra Lean Turkey Ham,Metro,$2.00 /100g
2327821,Fully Cooked Extra Lean Turkey Ham,Metro,$2.00 /100g
2327821,Fully Cooked Extra Lean Turkey Ham,Metro,$2.00 /100g
2327821,Fully Cooked Extra Lean Turkey Ham,Metro,$2.00 /100g
2327821,Fully Cooked Extra Lean Turkey Ham,Metro,$2.00 /100g
2327821,Fully Cooked Extra Lean Turkey Ham,Metro,$2.00 /100g
2327821,Fully Cooked Extra Lean Turkey Ham,Metro,$2.00 /100g
2327821,Fully Cooked Extra Lean Turkey Ham,Metro,$2.00 /100g
2327821,Fully Cooked Extra Lean Turkey Ham,Metro,$2.00 /100g
2327821,Fully Cooked Extra Lean Turkey Ham,Metro,$2.00 /100g
2327821,Fully Cooked Extra Lean Turkey Ham,Metro,$2.00 /100g
2327821,Fully Cooked Extra Lean Turkey Ham,Metro,$2.00 /100g
2327821,Fully Cooked Extra Lean Turkey Ham,Metro,$2.00 /100g
2327821,Fully Cooked Extra Lean Turkey Ham,Metro,$2.00 /100g
2327821,Fully Cooked Extra Lean Turkey Ham,Metro,$2.00 /100g
2327821,Fully Cooked Extra Lean Turkey Ham,Metro,$2.00 /100g
2327821,Fully Cooked Extra Lean Turkey Ham,Metro,$2.00 /100g
2327821,Fully Cooked Extra Lean Turkey Ham,Metro,$2.00 /100g
2327821,Fully Cooked Extra Lean Turkey Ham,Metro,$2.00 /100g
2327821,Fully Cooked Extra Lean Turkey Ham,Metro,$2.00 /100g
2327821,Fully Cooked Extra Lean Turkey Ham,Metro,$2.00 /100g
2327821,Fully Cooked Extra Lean Turkey Ham,Metro,$2.00 /100g
2327821,Fully Cooked Extra Lean Turkey Ham,Metro,$2.00 /100g
2327821,Fully Cooked Extra Lean Turkey Ham,Metro,$2.00 /100g
2327821,Fully Cooked Extra Lean Turkey Ham,Metro,$2.00 /100g
2327821,Fully Cooked Extra Lean Turkey Ham,Metro,$2.00 /100g
2327821,Fully Cooked Extra Lean Turkey Ham,Metro,$2.00 /100g
2327821,Fully Cooked Extra Lean Turkey Ham,Metro,$2.00 /100g
2327821,Fully Cooked Extra Lean Turkey Ham,Metro,$2.00 /100g
2327821,Fully Cooked Extra Lean Turkey Ham,Metro,$2.00 /100g
2327821,Fully Cooked Extra Lean Turkey Ham,Metro,$2.00 /100g
2327821,Fully Cooked Extra Lean Turkey Ham,Metro,$2.00 /100g
2327821,Fully Cooked Extra Lean Turkey Ham,Metro,$2.00 /100g
4073787,"Butterball Extra Lean Turkey Ham, 600 g",Walmart,$1.83/100g
4073787,"Butterball Extra Lean Turkey Ham, 600 g",Walmart,$1.83/100g
4073787,"Butterball Extra Lean Turkey Ham, 600 g",Walmart,$1.83/100g
4073787,"Butterball Extra Lean Turkey Ham, 600 g",Walmart,$1.83/100g
4073787,"Butterball Extra Lean Turkey Ham, 600 g",Walmart,$1.83/100g
4073787,"Butterball Extra Lean Turkey Ham, 600 g",Walmart,$1.83/100g
4073787,"Butterball Extra Lean Turkey Ham, 600 g",Walmart,$1.83/100g
4073787,"Butterball Extra Lean Turkey Ham, 600 g",Walmart,$1.83/100g
4073787,"Butterball Extra Lean Turkey Ham, 600 g",Walmart,$1.83/100g
4073787,"Butterball Extra Lean Turkey Ham, 600 g",Walmart,$1.83/100g
4073787,"Butterball Extra Lean Turkey Ham, 600 g",Walmart,$1.83/100g
4073787,"Butterball Extra Lean Turkey Ham, 600 g",Walmart,$1.83/100g
4073787,"Butterball Extra Lean Turkey Ham, 600 g",Walmart,$1.83/100g
4073787,"Butterball Extra Lean Turkey Ham, 600 g",Walmart,$1.83/100g
4073787,"Butterball Extra Lean Turkey Ham, 600 g",Walmart,$1.83/100g
4073787,"Butterball Extra Lean Turkey Ham, 600 g",Walmart,$1.83/100g
4073787,"Butterball Extra Lean Turkey Ham, 600 g",Walmart,$1.83/100g
4073787,"Butterball Extra Lean Turkey Ham, 600 g",Walmart,$1.83/100g
4073787,"Butterball Extra Lean Turkey Ham, 600 g",Walmart,$1.83/100g
4073787,"Butterball Extra Lean Turkey Ham, 600 g",Walmart,$1.83/100g
4073787,"Butterball Extra Lean Turkey Ham, 600 g",Walmart,$1.83/100g
4073787,"Butterball Extra Lean Turkey Ham, 600 g",Walmart,$1.83/100g
4073787,"Butterball Extra Lean Turkey Ham, 600 g",Walmart,$1.83/100g
4073787,"Butterball Extra Lean Turkey Ham, 600 g",Walmart,$1.83/100g
4073787,"Butterball Extra Lean Turkey Ham, 600 g",Walmart,$1.83/100g
4073787,"Butterball Extra Lean Turkey Ham, 600 g",Walmart,$1.83/100g
4073787,"Butterball Extra Lean Turkey Ham, 600 g",Walmart,$1.83/100g
4073787,"Butterball Extra Lean Turkey Ham, 600 g",Walmart,$1.83/100g
4073787,"Butterball Extra Lean Turkey Ham, 600 g",Walmart,$1.83/100g
4073787,"Butterball Extra Lean Turkey Ham, 600 g",Walmart,$1.83/100g
4073787,"Butterball Extra Lean Turkey Ham, 600 g",Walmart,$1.83/100g
4073787,"Butterball Extra Lean Turkey Ham, 600 g",Walmart,$1.83/100g
4073787,"Butterball Extra Lean Turkey Ham, 600 g",Walmart,$1.83/100g
4073787,"Butterball Extra Lean Turkey Ham, 600 g",Walmart,$1.83/100g
4073787,"Butterball Extra Lean Turkey Ham, 600 g",Walmart,$1.83/100g
4073787,"Butterball Extra Lean Turkey Ham, 600 g",Walmart,$1.83/100g
4073787,"Butterball Extra Lean Turkey Ham, 600 g",Walmart,$1.83/100g
4073787,"Butterball Extra Lean Turkey Ham, 600 g",Walmart,$1.83/100g
4073787,"Butterball Extra Lean Turkey Ham, 600 g",Walmart,$1.83/100g
4073787,"Butterball Extra Lean Turkey Ham, 600 g",Walmart,$1.83/100g
4073787,"Butterball Extra Lean Turkey Ham, 600 g",Walmart,$1.83/100g
4073787,"Butterball Extra Lean Turkey Ham, 600 g",Walmart,$1.83/100g
4073787,"Butterball Extra Lean Turkey Ham, 600 g",Walmart,$1.83/100g
4073787,"Butterball Extra Lean Turkey Ham, 600 g",Walmart,$1.83/100g
4073787,"Butterball Extra Lean Turkey Ham, 600 g",Walmart,$1.83/100g
4073787,"Butterball Extra Lean Turkey Ham, 600 g",Walmart,$1.83/100g
4073787,"Butterball Extra Lean Turkey Ham, 600 g",Walmart,$1.83/100g
4073787,"Butterball Extra Lean Turkey Ham, 600 g",Walmart,$1.83/100g
4073787,"Butterball Extra Lean Turkey Ham, 600 g",Walmart,$1.83/100g
4073787,"Butterball Extra Lean Turkey Ham, 600 g",Walmart,$1.83/100g
4073787,"Butterball Extra Lean Turkey Ham, 600 g",Walmart,$1.83/100g
4073787,"Butterball Extra Lean Turkey Ham, 600 g",Walmart,$1.83/100g
4073787,"Butterball Extra Lean Turkey Ham, 600 g",Walmart,$1.83/100g
4073787,"Butterball Extra Lean Turkey Ham, 600 g",Walmart,$1.83/100g
4073787,"Butterball Extra Lean Turkey Ham, 600 g",Walmart,$1.83/100g
4073787,"Butterball Extra Lean Turkey Ham, 600 g",Walmart,$1.83/100g
4073787,"Butterball Extra Lean Turkey Ham, 600 g",Walmart,$1.83/100g
4073787,"Butterball Extra Lean Turkey Ham, 600 g",Walmart,$1.83/100g
4073787,"Butterball Extra Lean Turkey Ham, 600 g",Walmart,$1.83/100g
4073787,"Butterball Extra Lean Turkey Ham, 600 g",Walmart,$1.83/100g
